cluster,mean_age,age_q25,age_median,age_q75,female_ratio,size,size_alive,mortality_rate
0,28.803414869600424,6.0,27.0,46.0,0.5700975396372809,30235298,29903081,0.000221080897985
1,41.31864587086701,21.0,41.0,61.0,0.5189555772893395,233124,221733,0.0035853932432249
2,61.23503099741034,47.0,64.0,76.0,0.5497135682335399,12743,10753,0.0234353203757091
3,54.79158316633266,38.0,61.0,73.0,0.7007615230460922,12475,12126,0.0014844136566056
4,35.29942093541203,19.0,34.0,50.0,0.5010244988864143,11225,11189,
5,34.16110507527549,13.0,31.0,53.0,0.7137979202234983,12886,12726,0.0008643721515008
6,37.9803971922616,25.0,38.0,52.0,0.4471837014209896,11682,11525,0.0013882863340563
7,25.580375135637887,5.0,16.0,43.0,0.5554177646876453,12902,12795,0.0003907776475185
8,53.53986724575924,41.0,54.0,65.0,0.9093665492092108,12203,12026,0.0006652253450856
9,15.030478395061728,9.0,14.0,19.0,0.4040895061728395,12960,12919,
10,41.275873478030704,21.0,41.0,59.0,0.610375860243515,15112,14467,0.0015207022879657
11,47.61885627766131,25.0,47.0,69.0,0.4789191707430702,17172,15329,0.0088068367147237
12,45.69969686428465,17.0,51.0,70.0,0.4596233166028922,20123,15981,0.0361679494399599
13,46.77671848013817,37.0,47.0,56.0,0.6585837651122626,14475,14229,0.0009839061072457
14,53.0783695592058,42.0,56.0,66.0,0.4836568773851004,18081,14141,0.0330245385757725
15,31.63141005070278,24.0,30.0,37.0,0.7139464732687246,15581,15555,
16,78.32993108261363,72.0,84.0,91.0,0.6308557969118032,22926,13896,0.01360103626943
17,24.780387029288704,9.0,17.0,36.0,0.5891213389121339,19120,18733,0.0022954145091549
18,42.6630004399472,28.0,42.0,58.0,0.5349758029036515,20457,18651,0.0134577234464639
19,31.96477994892202,14.0,29.0,47.0,0.5160064144443786,16837,16761,
20,20.62523714300364,4.0,9.0,33.0,0.5136645644259858,19503,19372,0.0007226925459425
21,48.09620573355818,31.0,46.0,63.0,0.298397976391231,23720,21662,0.0086787923552765
22,59.94387845238796,42.0,63.0,81.0,0.673782462752488,33962,27504,0.0138161721931355
23,50.68825846114438,26.0,50.0,74.0,0.5384393711376516,31231,29363,0.0023158396621598
24,58.16117246192373,50.0,62.0,71.0,0.4574079395705899,24359,23860,0.0010058675607711
25,54.83402897127424,43.0,56.0,67.0,0.5671144470555225,28511,28134,0.0008175161726025
26,68.27313041725459,61.0,70.0,79.0,0.4191191292078209,39688,32009,0.0284919866287606
27,27.492416671565454,8.0,23.0,44.0,0.5211039915348892,34022,33988,
28,42.10142265907915,29.0,41.0,53.0,0.4606570098292808,38660,37330,0.0011518885614787
29,46.64510108864697,35.0,47.0,59.0,0.5451010886469674,38580,38090,0.0007876082961407
30,50.27647928667594,38.0,49.0,61.0,0.8470061135756692,45309,44238,0.0012658800126588
31,36.19625395074561,21.0,34.0,50.0,0.5471225844770167,47143,46382,0.0012936052779095
32,42.12865186689436,29.0,42.0,53.0,0.8789634005630682,43334,43193,0.0002546708957469
33,53.16162973250408,39.0,56.0,69.0,0.416399975846869,66244,61763,0.0043553583860887
34,32.71394837407167,15.0,29.0,48.0,0.7562189054726369,55476,54482,0.0015601483058624
35,52.58745597853429,28.0,59.0,77.0,0.5665828162557998,89445,77227,0.0100094526525696
36,30.523750131749992,17.0,26.0,43.0,0.5076063661595756,56926,56388,0.0005852309001915
37,38.351178624189096,29.0,37.0,47.0,0.99998394244974,62276,62138,0.0002092117544819
38,47.00746048358962,32.0,45.0,60.0,0.6426347851756433,74526,71104,0.0019689468946894
39,48.61970592475134,37.0,48.0,60.0,0.3183652875882947,69370,68915,0.000246680693608
40,50.00431034482759,31.0,54.0,70.0,0.4424806137601056,96976,85625,0.0170043795620437
41,36.88373292085589,24.0,35.0,47.0,0.610657161751684,89217,87780,0.0008658008658008
42,11.382738281921837,2.0,5.0,8.0,0.4409619295245996,98843,97865,0.000950288662954
43,15.677814075570746,4.0,8.0,19.0,0.4610533074003438,105914,105731,0.0001418694611797
44,50.58511848698338,34.0,52.0,69.0,0.4797649097690539,132715,122926,0.0065161153864926
45,68.69710508938985,58.0,70.0,81.0,0.4780397795646833,162043,122623,0.0335907619288388
46,44.5509703531027,20.0,45.0,68.0,0.0042904337628533,139846,136393,0.0014223603850637
47,48.42092522146258,35.0,52.0,66.0,0.2323827511904446,150364,146716,0.001792578859838
48,52.32230869401534,40.0,52.0,66.0,0.5110935561713499,162031,155378,0.0037843195304354
49,36.91097758773223,7.0,32.0,66.0,0.4934648439145637,189896,175633,0.0081476715651386
50,16.49307239348805,3.0,6.0,11.0,0.4027825886156333,17322,16816,0.0029733587059942
51,46.63449942848754,29.0,47.0,64.0,0.5150952695546398,190722,183675,0.0025969783585136
52,52.29185560593936,40.0,51.0,64.0,0.6496991790403366,202446,195407,0.0035259739927433
53,53.98132876419729,30.0,57.0,78.0,0.7054068109845002,215358,191923,0.0064348723185861
54,86.54059816044344,82.0,88.0,93.0,0.7470914296156423,16417,8251,0.0295721730699309
55,33.9760927664919,19.0,32.0,48.0,0.3916093448025741,205419,202878,0.000966097851911
56,50.95413197754476,41.0,52.0,64.0,0.6940027539455567,236025,231477,0.001671872367449
57,11.961016979998908,3.0,7.0,15.0,0.466262944291772,219788,219233,0.0001870156408934
58,47.54812543196388,34.0,48.0,61.0,0.5078695024189976,241629,238100,0.0012431751364972
59,66.9130260570711,58.0,67.0,76.0,0.3387295318980188,242084,214458,0.0133499333202771
60,65.65514779979846,57.0,65.0,74.0,0.2995885119247565,47632,44170,0.0074484944532488
61,32.017954533919976,18.0,28.0,43.0,0.4499291422503484,256147,255063,0.000376377600828
62,52.37855630012847,41.0,52.0,64.0,0.4966077566751155,288010,281403,0.0018620981297285
63,29.511498096604974,16.0,26.0,41.0,0.4794205581122948,276611,275573,0.0003193346227678
64,10.215145736856442,5.0,8.0,11.0,0.4324707164260419,18355,18337,
65,37.20694896003177,31.0,35.0,41.0,0.910775249048879,307269,305918,0.0004707143744402
66,41.38153711215875,32.0,39.0,48.0,0.8561561232321018,18242,18159,0.0005506911173522
67,47.15419351453168,26.0,49.0,68.0,0.503702312529863,362071,335093,0.0075173160883694
68,22.98425025920166,5.0,12.0,36.0,0.5115603939865214,308640,304344,0.0012683016586494
69,19.8364776684586,4.0,7.0,17.0,0.5218920106839775,59154,56826,0.0039066624432478
70,43.35069773969765,27.0,43.0,57.0,0.3239243179661288,299252,281968,0.0043799296374056
71,38.32217359591539,27.0,36.0,48.0,0.2097738876732311,13710,13036,0.0026081620128873
72,48.92841144038594,37.0,50.0,60.0,0.4421088904203998,23216,21497,0.0046052937619202
73,57.81508478081059,51.0,58.0,65.0,0.3302315963606286,19344,11945,0.0974466303892842
74,41.234228727682165,29.0,41.0,51.0,0.3965899951745215,31085,29685,0.0031665824490483
75,46.94344813314628,36.0,46.0,57.0,0.9977723743993476,328601,326033,0.0006594424490772
76,44.919984767063006,35.0,43.0,53.0,0.9985190200143867,23633,23533,0.0006798963158118
77,49.89892693040457,45.0,50.0,55.0,0.9994676678247224,71384,71158,0.0003653840748756
78,13.065565483259942,4.0,7.0,15.0,0.4435765316377058,328374,327447,0.0002412604177164
79,8.155588747821758,3.0,6.0,9.0,0.4228030868807568,20085,20062,
80,5.738620215448086,3.0,5.0,7.0,0.3669951867980747,21815,21813,
81,6.103497880072683,3.0,5.0,8.0,0.3812083585705632,26416,26402,
82,7.538628798453774,3.0,6.0,9.0,0.4104746053903145,37252,37213,0.0002418509660602
83,54.14057457755696,41.0,58.0,70.0,0.5286895716806925,508826,497142,0.0020577621685554
84,63.232909794987336,50.0,66.0,79.0,0.4452485251540456,358173,306668,0.0178694875239672
85,73.71781340236981,68.0,77.0,84.0,0.4848152942347903,20086,13004,0.0671331897877576
86,76.23617650279208,66.0,81.0,90.0,0.5578305777583124,27399,17766,0.0629854778790949
87,79.57623235951243,72.0,82.0,89.0,0.5305862722362058,35359,21446,0.0703627716124219
88,74.7730314995485,66.0,76.0,85.0,0.3630947111213414,112954,80487,0.0493620087716028
89,62.58651673302486,52.0,64.0,75.0,0.6027117184977941,18586,17913,0.0036844749623178
90,74.92238757552411,67.0,77.0,85.0,0.5086979441222983,24661,19499,0.0320529257910662
91,54.053520655628034,43.0,56.0,67.0,0.5278235729816261,41853,40918,0.0031282076347817
92,67.02459041758397,59.0,68.0,77.0,0.5379035038858386,452412,282936,0.0621518647326603
93,43.41838555506793,9.0,45.0,70.0,0.4746205745757235,414706,366458,0.0128664130678004
94,61.129027453706,47.0,66.0,81.0,0.4195502159559152,20143,13964,0.0655972500716127
95,10.848199396042729,3.0,6.0,10.0,0.4151980889710192,22187,22010,0.0009995456610631
96,73.47772800573374,65.0,81.0,89.0,0.6167353520874395,27905,18295,0.0468433998360207
97,48.9313637617209,10.0,58.0,75.0,0.4428778268063982,29008,20284,0.0739992112009465
98,15.293359307855384,3.0,5.0,10.0,0.4106170858878131,34906,33747,0.0042077814324236
99,65.92958788400495,56.0,66.0,77.0,0.554254990046807,297392,279317,0.0058965261691912
100,60.38061516838748,27.0,74.0,88.0,0.5024415734183829,55497,37169,0.0559068040571444
101,64.23946989932196,55.0,66.0,76.0,0.5352886788576126,19468,14644,0.0383774924883911
102,75.97298807137459,68.0,77.0,85.0,0.4487529164338997,30431,13841,0.149627917058016
103,73.05575067061199,65.0,74.0,83.0,0.5321478941400957,36161,15001,0.1797880141323911
104,65.16561815024623,59.0,69.0,79.0,0.4562327421788266,35129,17495,0.160845955987425
105,70.85953896147858,63.0,72.0,81.0,0.5173481822490014,59084,27588,0.1557923734957227
106,71.9006755209526,64.0,73.0,83.0,0.4757413556217083,69872,23896,0.2164378975560763
107,70.7840625261422,63.0,72.0,81.0,0.4264732244224816,83677,31813,0.2333322855436456
108,52.26651403652221,11.0,65.0,79.0,0.4922431180158082,91725,71301,0.0360303502054669
109,77.74433862433862,70.0,82.0,90.0,0.4725925925925927,89775,46592,0.1275326236263736
110,81.45857865758569,75.0,84.0,90.0,0.4007192641863721,31421,15780,0.1361216730038023
111,76.98180781590132,68.0,80.0,88.0,0.7346843578314501,19294,15911,0.0167808434416441
112,66.25824316701707,56.0,67.0,77.0,0.6248397518075997,19501,18287,0.0083119155684365
113,17.328667863999506,4.0,6.0,10.0,0.4055861769988234,16147,15325,0.0070473083197389
114,79.94041329739443,75.0,82.0,88.0,0.4346810422282121,27825,13823,0.1436735874990957
115,64.57729038902673,61.0,74.0,82.0,0.5095267075511447,42722,24772,0.143347327627967
116,71.8274350782338,64.0,74.0,81.0,0.598672892602605,24414,20216,0.0290364068064899
117,71.47671097120205,64.0,72.0,80.0,0.6338754809373908,34308,32234,0.0081590866786622
118,63.04777464073851,53.0,63.0,73.0,0.9992386511436092,31523,30905,0.0023620773337647
119,74.14665455178147,67.0,75.0,82.0,0.5839310224834227,51727,31229,0.0916776073521406
120,71.48364329995232,63.0,72.0,81.0,0.4584803687807979,62910,54954,0.0197619827492084
121,69.23538753937879,61.0,70.0,79.0,0.4848342836314405,76818,64768,0.0256145009881422
122,74.31801414702365,66.0,75.0,84.0,0.4845760959889742,98678,74706,0.03735978368538
123,75.41427851926467,67.0,77.0,85.0,0.5196759842189205,119130,94307,0.0345361425981104
124,80.37824753913183,73.0,82.0,89.0,0.5069227045344522,30985,18249,0.1258151131568853
125,72.26222736802579,63.0,73.0,83.0,0.5956963002367766,95871,79412,0.0333702714954918
126,78.83126420988927,72.0,80.0,87.0,0.4507581333725894,61137,41326,0.0769007404539515
127,83.43604489379464,78.0,86.0,91.0,0.7819775531026807,21562,14351,0.0706570970664065
128,71.7415694826333,63.0,72.0,81.0,0.508549034480579,31641,24882,0.0516839482356723
129,75.52656033997235,67.0,77.0,85.0,0.5273027494751932,78124,60765,0.0433802353328396
130,69.90065668505385,62.0,70.0,78.0,0.3829261885999475,76140,67815,0.0198186241981862
131,76.95738365906928,70.0,78.0,85.0,0.4193500214668384,53571,38591,0.0785157160996087
